,TaskNumber,Priority,RaisedByID,AssignedToID,AuthorisedByID,HoursEstimate,HoursActual,DeveloperID,DeveloperHoursActual,TaskPerformance,DeveloperPerformance
count,12299.0,12299.0,12299.0,12299.0,4265.0,12299.0,12299.0,12299.0,12299.0,12299.0,10200.0
mean,8932.838686072038,2.1763558012846573,37.10301650540694,37.2967720952923,45.66752637749121,10.15203431173266,13.175467924221483,36.62744938612895,7.724366208634848,-3.0234336124888195,0.46754117647058824
std,3271.407366101131,1.7200491911441276,19.85952962853883,18.8236735639211,18.773525281675468,28.841782508283437,68.72466692006498,18.95871818048198,36.01564125133756,67.21986731083504,38.66610245702113
min,1735.0,1.0,1.0,1.0,6.0,0.01,0.01,1.0,0.01,-2469.16,-2079.5
25%,6188.5,1.0,16.0,22.0,43.0,1.0,1.0,13.0,1.0,-1.75,0.0
50%,9090.0,1.0,42.0,42.0,58.0,3.0,3.0,42.0,2.0,0.0,0.0
75%,11766.5,3.0,58.0,58.0,58.0,7.0,8.5,58.0,5.25,0.5,1.0
max,14377.0,10.0,67.0,65.0,58.0,910.0,2490.16,65.0,2100.5,701.14,709.84
